,http://www.vactualpapers.com/web/images/March%2029%202016%20Mobile/Golden%20Wheat%20Field%20Mobile%20HD%20Wallpaper.jpg
,http://www.vactualpapers.com/web/images/April%2006%202016/Red%20Umbrella%20Flying%20%20Mobile%20HD%20Wallpaper.jpg
,https://s-media-cache-ak0.pinimg.com/originals/f1/7c/b2/f17cb2f3bd0564e1b52e4d1817c3f412.jpg
,https://freephonewallpapersformobile.files.wordpress.com/2013/09/beach-sunset-samsung-galaxy-4-wallpapers-for-mobile-1080x1920-hd.jpg
,http://www.techdatapros.com/wp-content/uploads/2017/06/hd-wallpaper-for-mobile.jpg
,http://www.vactualpapers.com/web/images/July%202016/Red%20Roses%20on%20Wet%20Stones%20Mobile%20HD%20Wallpaper.jpg
,https://s-media-cache-ak0.pinimg.com/originals/b0/86/e0/b086e03aabd3344982606b179d215cb9.jpg
,https://s-media-cache-ak0.pinimg.com/originals/15/1f/59/151f590a6080dc9a6e6862edf1ed8192.jpg
,http://wallpaperget.com/images/love-wallpaper-hd-14.jpg
,http://www.creativehdwallpapers.com/uploads/large/mobile-wallpapers/wallpaper-galaxy-note-full-hd-mobile.jpg
,http://www.avatarys.com/downloadfullsize/send/1949
,https://encrypted-tbn0.gstatic.com/images?q=tbn:ANd9GcQVi0SgQa2rP8Ued8UlVKv-b7KzoYezVSuDvhVfQ_-abRhZnq3b
,https://encrypted-tbn0.gstatic.com/images?q=tbn:ANd9GcSwF6bmUij1O8j9dy60ge8oNqxnYOFFuOg3CPKu0Qdhvz-IapL6-w
,http://mobilehdwalls.com/wp-content/uploads/2016/01/tree-reflection-green-volet-1080x1920.jpg
,https://encrypted-tbn0.gstatic.com/images?q=tbn:ANd9GcTAAL_j4-40KrrJ5WnQgP0nW8wqkgAcorcxY_bAFy-7UPN1Db2CWg
,https://encrypted-tbn0.gstatic.com/images?q=tbn:ANd9GcTAAL_j4-40KrrJ5WnQgP0nW8wqkgAcorcxY_bAFy-7UPN1Db2CWg
,https://encrypted-tbn0.gstatic.com/images?q=tbn:ANd9GcTAAL_j4-40KrrJ5WnQgP0nW8wqkgAcorcxY_bAFy-7UPN1Db2CWg
,https://encrypted-tbn0.gstatic.com/images?q=tbn:ANd9GcTAAL_j4-40KrrJ5WnQgP0nW8wqkgAcorcxY_bAFy-7UPN1Db2CWg
,https://encrypted-tbn0.gstatic.com/images?q=tbn:ANd9GcTAAL_j4-40KrrJ5WnQgP0nW8wqkgAcorcxY_bAFy-7UPN1Db2CWg
,http://mobilehdwalls.com/wp-content/uploads/2016/01/color-strips-backgroung-1080x1920.jpg
,https://wallpaperhdzone.com/wp-content/uploads/2016/08/phone-hd-wallpapers-HD7.jpg
,http://www.guoguiyan.com/data/out/206/68622478-vertical-wallpapers.jpg
,https://s-media-cache-ak0.pinimg.com/originals/b0/6f/05/b06f0588a423363ef2f2d098c38fdebc.jpg
,http://www.guoguiyan.com/data/out/206/68622478-vertical-wallpapers.jpg
,http://mobilehdwalls.com/wp-content/uploads/2016/03/gold-abstraction-background-1080x1920.jpg
,https://encrypted-tbn0.gstatic.com/images?q=tbn:ANd9GcQvzdhc2nXMgRoNtIxQpCSj-GIxA_mIEA7AvipTyOrb_BKrHZ26QQ
,https://encrypted-tbn0.gstatic.com/images?q=tbn:ANd9GcQvzdhc2nXMgRoNtIxQpCSj-GIxA_mIEA7AvipTyOrb_BKrHZ26QQ
,https://encrypted-tbn0.gstatic.com/images?q=tbn:ANd9GcSBGV1hF2ebuPVfXPwVnWWYVB-J_aVptSFZKB49vm4ya3bk__JJhA
,https://encrypted-tbn0.gstatic.com/images?q=tbn:ANd9GcSBGV1hF2ebuPVfXPwVnWWYVB-J_aVptSFZKB49vm4ya3bk__JJhA
,https://encrypted-tbn0.gstatic.com/images?q=tbn:ANd9GcRvtUEG1XpYRk1e7iY_WEI4iw3F8zqEouu5xTn4Cm3Aa1M6SBt1
,https://encrypted-tbn0.gstatic.com/images?q=tbn:ANd9GcRvtUEG1XpYRk1e7iY_WEI4iw3F8zqEouu5xTn4Cm3Aa1M6SBt1
